Subreddit,Roberta_Neg,Roberta_Neu,Roberta_Pos,Avg. Sentiment Polarity,Sentiment_Analysis
CRYPTOCURRENCY,0.4068251,0.5129035,0.080271386,0.06274539027924711,Neutral
BITCOIN,0.9005908,0.09387953,0.0055296314,0.08188558985158896,Negative
ETHEREUM,0.011156506,0.20122094,0.7876226,0.021492823473366125,Positive
BINANCE,0.5906782,0.39559406,0.013727733,0.07451791694166587,Negative
COINBASE,0.62794673,0.357964,0.014089215,0.0669463613719455,Negative
SHIBARMY,0.4976762,0.43948394,0.06283983,0.058835057116957204,Negative
