subreddit,Roberta_Neg,Roberta_Neu,Roberta_Pos,Avg. Sentiment Polarity,Sentiment_Analysis
CRYPTOCURRENCY,0.8760863,0.1142818,0.009631859,0.06640835428399208,Negative
BITCOIN,0.22419845,0.74922454,0.02657705,0.07919735850882097,Neutral
ETHEREUM,0.023037843,0.8578385,0.11912365,0.024048116374046385,Neutral
BINANCE,0.5906782,0.39559406,0.013727733,0.07476308819652601,Negative
COINBASE,0.17104962,0.5969339,0.23201646,0.06339125034297846,Neutral
SHIBARMY,0.15159807,0.69233,0.15607193,0.07067518939871438,Neutral
