Subreddit,Roberta_Neg,Roberta_Neu,Roberta_Pos,Avg. Sentiment Polarity,Sentiment_Analysis
CRYPTOCURRENCY,0.035591975,0.92414975,0.040258285,0.07068683286619211,Neutral
BITCOIN,0.20408678,0.56582326,0.23008992,0.07729610569176854,Neutral
ETHEREUM,0.7701244,0.22046793,0.0094077615,0.012628305709369089,Negative
BINANCE,0.15125644,0.6377858,0.2109578,0.07351288824677961,Neutral
COINBASE,0.111845456,0.63946295,0.24869157,0.04100899260275955,Neutral
SHIBARMY,0.4956192,0.48592836,0.018452387,0.04900683909389712,Negative
