Topic,Toxicity Score,Total Number of Comments,Total Number of UpVotes
Bitcoin,0.2579382,1145,1844
CoinBase,0.5133752,192,971
CryptoCurrency,0.25998113,1300,3245
SHIBArmy,0.15845406,498,872
binance,0.09880993,2781,383
ethereum,0.23440076,364,604
