Topic,Toxicity Score,Total Number of Comments,Total Number of UpVotes
Bitcoin,0.24977016,1441,3394
CoinBase,0.5176066,235,888
CryptoCurrency,0.28572118,3933,2859
SHIBArmy,0.13490283,251,455
binance,0.09880993,2794,372
ethereum,0.30145085,457,656
