Topic,Toxicity Score,Total Number of Comments,Total Number of UpVotes
Bitcoin,0.25984633,1263,4051
CoinBase,0.5288033,248,1024
CryptoCurrency,0.2500239,2250,1489
SHIBArmy,0.12599048,296,573
binance,0.09880993,2811,394
ethereum,0.13118969,409,543
