Topic,Toxicity Score,Total Number of Comments,Total Number of UpVotes
Bitcoin,0.19792736,2167,3862
CoinBase,0.4013345,307,865
CryptoCurrency,0.20921366,4066,2779
SHIBArmy,0.14303555,360,899
binance,0.09880993,2805,378
ethereum,0.33089757,431,368
