Topic,Toxicity Score,Total Number of Comments,Total Number of UpVotes
Bitcoin,0.22727004,1047,2196
CoinBase,0.42280138,274,825
CryptoCurrency,0.24500076,2071,3116
SHIBArmy,0.102385856,393,346
binance,0.09880993,2708,341
ethereum,0.2816341,469,472
