Topic,Toxicity Score,Total Number of Comments,Total Number of UpVotes
Bitcoin,0.16739807,1379,2260
CoinBase,0.55425864,238,820
CryptoCurrency,0.32811913,2190,2131
SHIBArmy,0.12752388,367,1236
binance,0.09880993,2830,371
ethereum,0.16626352,266,287
