Topic,Toxicity Score,Total Number of Comments,Total Number of UpVotes
Bitcoin,0.18460001,736,2817
CoinBase,0.50245696,201,813
CryptoCurrency,0.25261462,2867,1905
SHIBArmy,0.15847467,414,729
binance,0.09880993,2765,361
ethereum,0.29765624,409,629
