Topic,Toxicity Score,Total Number of Comments,Total Number of UpVotes
Bitcoin,0.16620618,1487,2070
CoinBase,0.45220947,200,839
CryptoCurrency,0.3224613,1605,2385
SHIBArmy,0.118873216,409,945
binance,0.09880993,2793,389
ethereum,0.18597022,355,667
